country,iso2c,iso3c,year,status,lastupdated,co2_pc,ghg_pc,gdp_pc,renew_share,region,capital,longitude,latitude,income,lending
Brazil,BR,BRA,1990,,2026-07-13,1.52128199616552,4.35310426408044,6149.86788926381,49.8,Latin America & Caribbean,Brasilia,-47.9292,-15.7801,Upper middle income,IBRD
Brazil,BR,BRA,1991,,2026-07-13,1.55060704334579,4.45767221293871,6107.64883675747,48.9,Latin America & Caribbean,Brasilia,-47.9292,-15.7801,Upper middle income,IBRD
Brazil,BR,BRA,1992,,2026-07-13,1.54720906025269,4.52312651222172,5973.98285622586,48.7,Latin America & Caribbean,Brasilia,-47.9292,-15.7801,Upper middle income,IBRD
Brazil,BR,BRA,1993,,2026-07-13,1.59016787933935,4.61581844122071,6167.46092178931,48.2,Latin America & Caribbean,Brasilia,-47.9292,-15.7801,Upper middle income,IBRD
Brazil,BR,BRA,1994,,2026-07-13,1.62465005024393,4.72668616230737,6427.16901943704,48.3,Latin America & Caribbean,Brasilia,-47.9292,-15.7801,Upper middle income,IBRD
Brazil,BR,BRA,1995,,2026-07-13,1.73140553131602,4.88317459750984,6596.33572674819,46.1,Latin America & Caribbean,Brasilia,-47.9292,-15.7801,Upper middle income,IBRD
Brazil,BR,BRA,1996,,2026-07-13,1.83087535382901,4.83831587778823,6640.7270065575,44.5,Latin America & Caribbean,Brasilia,-47.9292,-15.7801,Upper middle income,IBRD
Brazil,BR,BRA,1997,,2026-07-13,1.91554735453581,4.91253720209277,6764.85842091319,43.7,Latin America & Caribbean,Brasilia,-47.9292,-15.7801,Upper middle income,IBRD
Brazil,BR,BRA,1998,,2026-07-13,1.94230001237588,4.9294123944625,6687.49523550242,43.8,Latin America & Caribbean,Brasilia,-47.9292,-15.7801,Upper middle income,IBRD
Brazil,BR,BRA,1999,,2026-07-13,1.95707166300643,4.94666725292722,6621.63676249539,44,Latin America & Caribbean,Brasilia,-47.9292,-15.7801,Upper middle income,IBRD
Brazil,BR,BRA,2000,,2026-07-13,2.00787868943563,5.00139462358328,6817.784240857,42.7,Latin America & Caribbean,Brasilia,-47.9292,-15.7801,Upper middle income,IBRD
Brazil,BR,BRA,2001,,2026-07-13,1.9928207750233,5.00337198493195,6823.03396999891,41.3,Latin America & Caribbean,Brasilia,-47.9292,-15.7801,Upper middle income,IBRD
Brazil,BR,BRA,2002,,2026-07-13,1.96879630651915,5.06727364492225,6944.62337495755,42.9,Latin America & Caribbean,Brasilia,-47.9292,-15.7801,Upper middle income,IBRD
Brazil,BR,BRA,2003,,2026-07-13,1.91839410561756,5.17332462685972,6941.4404574508,45.1,Latin America & Caribbean,Brasilia,-47.9292,-15.7801,Upper middle income,IBRD
Brazil,BR,BRA,2004,,2026-07-13,1.99978275095698,5.38342920580059,7258.78185165912,45.2,Latin America & Caribbean,Brasilia,-47.9292,-15.7801,Upper middle income,IBRD
Brazil,BR,BRA,2005,,2026-07-13,1.99935674253319,5.41802582073222,7409.56913232718,46.1,Latin America & Caribbean,Brasilia,-47.9292,-15.7801,Upper middle income,IBRD
Brazil,BR,BRA,2006,,2026-07-13,2.00204169117872,5.38206473778154,7622.04007133264,46.7,Latin America & Caribbean,Brasilia,-47.9292,-15.7801,Upper middle income,IBRD
Brazil,BR,BRA,2007,,2026-07-13,2.08496718576573,5.43196816671362,8003.25413096047,47.2,Latin America & Caribbean,Brasilia,-47.9292,-15.7801,Upper middle income,IBRD
Brazil,BR,BRA,2008,,2026-07-13,2.16839391882541,5.55561112065348,8330.76459841304,47,Latin America & Caribbean,Brasilia,-47.9292,-15.7801,Upper middle income,IBRD
Brazil,BR,BRA,2009,,2026-07-13,2.00746250710986,5.37383414888522,8246.09706995094,48.9,Latin America & Caribbean,Brasilia,-47.9292,-15.7801,Upper middle income,IBRD
Brazil,BR,BRA,2010,,2026-07-13,2.27112813109879,5.73059393745119,8792.63436120342,46.8,Latin America & Caribbean,Brasilia,-47.9292,-15.7801,Upper middle income,IBRD
Brazil,BR,BRA,2011,,2026-07-13,2.37418967936326,5.8716801693265,9067.99316348047,45.2,Latin America & Caribbean,Brasilia,-47.9292,-15.7801,Upper middle income,IBRD
Brazil,BR,BRA,2012,,2026-07-13,2.52901988702936,5.99366166878418,9167.49923929815,43.5,Latin America & Caribbean,Brasilia,-47.9292,-15.7801,Upper middle income,IBRD
Brazil,BR,BRA,2013,,2026-07-13,2.63744450973958,6.12632769489827,9366.73932434359,42.3,Latin America & Caribbean,Brasilia,-47.9292,-15.7801,Upper middle income,IBRD
Brazil,BR,BRA,2014,,2026-07-13,2.7310345760982,6.24039037144425,9338.34278278114,41.7,Latin America & Caribbean,Brasilia,-47.9292,-15.7801,Upper middle income,IBRD
Brazil,BR,BRA,2015,,2026-07-13,2.56818858918394,6.11488755115816,8936.19661712113,43.7,Latin America & Caribbean,Brasilia,-47.9292,-15.7801,Upper middle income,IBRD
Brazil,BR,BRA,2016,,2026-07-13,2.37533549789759,5.94586563282444,8577.84376650911,45.4,Latin America & Caribbean,Brasilia,-47.9292,-15.7801,Upper middle income,IBRD
Brazil,BR,BRA,2017,,2026-07-13,2.41694955353585,5.95612301493021,8628.25308908043,45.3,Latin America & Caribbean,Brasilia,-47.9292,-15.7801,Upper middle income,IBRD
Brazil,BR,BRA,2018,,2026-07-13,2.28562350357953,5.80242245808118,8722.33630317935,46.9,Latin America & Caribbean,Brasilia,-47.9292,-15.7801,Upper middle income,IBRD
Brazil,BR,BRA,2019,,2026-07-13,2.25869881785082,5.78584919281396,8771.44051292177,47.5,Latin America & Caribbean,Brasilia,-47.9292,-15.7801,Upper middle income,IBRD
Brazil,BR,BRA,2020,,2026-07-13,2.1466461829,5.73183731329906,8435.01143254978,50,Latin America & Caribbean,Brasilia,-47.9292,-15.7801,Upper middle income,IBRD
Brazil,BR,BRA,2021,,2026-07-13,2.41580858865319,6.09489481317549,8799.22945810901,46.5,Latin America & Caribbean,Brasilia,-47.9292,-15.7801,Upper middle income,IBRD
Brazil,BR,BRA,2022,,2026-07-13,2.27889577215227,6.07942558480682,9032.08481566299,NA,Latin America & Caribbean,Brasilia,-47.9292,-15.7801,Upper middle income,IBRD
Brazil,BR,BRA,2023,,2026-07-13,2.27447826989363,6.14363086716443,9288.02701470069,NA,Latin America & Caribbean,Brasilia,-47.9292,-15.7801,Upper middle income,IBRD
Brazil,BR,BRA,2024,,2026-07-13,2.31826466114939,6.12824974062443,9566.74518687619,NA,Latin America & Caribbean,Brasilia,-47.9292,-15.7801,Upper middle income,IBRD
China,CN,CHN,1990,,2026-07-13,2.12676894074534,3.27060672929963,917.187887177205,33.9,East Asia & Pacific,Beijing,116.286,40.0495,Upper middle income,IBRD
China,CN,CHN,1991,,2026-07-13,2.21606084568727,3.34165418238065,989.585278674846,33.1,East Asia & Pacific,Beijing,116.286,40.0495,Upper middle income,IBRD
China,CN,CHN,1992,,2026-07-13,2.2917226194666,3.40358704515996,1117.29533882968,32.8,East Asia & Pacific,Beijing,116.286,40.0495,Upper middle income,IBRD
China,CN,CHN,1993,,2026-07-13,2.45254862360409,3.54004938732562,1258.34142676619,31.5,East Asia & Pacific,Beijing,116.286,40.0495,Upper middle income,IBRD
China,CN,CHN,1994,,2026-07-13,2.55649490072032,3.65369451308277,1406.97393365064,31.1,East Asia & Pacific,Beijing,116.286,40.0495,Upper middle income,IBRD
China,CN,CHN,1995,,2026-07-13,2.79351042241598,3.95261529395653,1545.07897848105,29.4,East Asia & Pacific,Beijing,116.286,40.0495,Upper middle income,IBRD
China,CN,CHN,1996,,2026-07-13,2.74342450002053,3.91852852038931,1681.45741269443,30.5,East Asia & Pacific,Beijing,116.286,40.0495,Upper middle income,IBRD
China,CN,CHN,1997,,2026-07-13,2.79439822775034,3.89783793671118,1819.07954081306,30,East Asia & Pacific,Beijing,116.286,40.0495,Upper middle income,IBRD
China,CN,CHN,1998,,2026-07-13,2.83592410230809,3.94401381714824,1944.46718626424,29.5,East Asia & Pacific,Beijing,116.286,40.0495,Upper middle income,IBRD
China,CN,CHN,1999,,2026-07-13,2.75219491752047,3.87184232898418,2076.93180259914,30.3,East Asia & Pacific,Beijing,116.286,40.0495,Upper middle income,IBRD
China,CN,CHN,2000,,2026-07-13,2.88907594771294,4.01054310594031,2237.30047918692,29.6,East Asia & Pacific,Beijing,116.286,40.0495,Upper middle income,IBRD
China,CN,CHN,2001,,2026-07-13,3.00747564571294,4.13183512206628,2405.99411858042,28.4,East Asia & Pacific,Beijing,116.286,40.0495,Upper middle income,IBRD
China,CN,CHN,2002,,2026-07-13,3.22795454545455,4.36178623867541,2610.66275070444,27,East Asia & Pacific,Beijing,116.286,40.0495,Upper middle income,IBRD
China,CN,CHN,2003,,2026-07-13,3.70467882645141,4.88426334989134,2856.85053293219,23.9,East Asia & Pacific,Beijing,116.286,40.0495,Upper middle income,IBRD
China,CN,CHN,2004,,2026-07-13,4.24069749050016,5.50240865690643,3127.91444892337,20.2,East Asia & Pacific,Beijing,116.286,40.0495,Upper middle income,IBRD
China,CN,CHN,2005,,2026-07-13,4.78299420120885,6.11664774644862,3465.72767067642,17.4,East Asia & Pacific,Beijing,116.286,40.0495,Upper middle income,IBRD
China,CN,CHN,2006,,2026-07-13,5.28052516361306,6.68131599823039,3883.27464370816,16.4,East Asia & Pacific,Beijing,116.286,40.0495,Upper middle income,IBRD
China,CN,CHN,2007,,2026-07-13,5.7076324565497,7.09951429752975,4409.69709445986,14.9,East Asia & Pacific,Beijing,116.286,40.0495,Upper middle income,IBRD
China,CN,CHN,2008,,2026-07-13,5.85225866357655,7.2292754717266,4811.34486346262,14.1,East Asia & Pacific,Beijing,116.286,40.0495,Upper middle income,IBRD
China,CN,CHN,2009,,2026-07-13,6.24909018523805,7.65956477322236,5237.78809982377,13.4,East Asia & Pacific,Beijing,116.286,40.0495,Upper middle income,IBRD
China,CN,CHN,2010,,2026-07-13,6.80718476794211,8.26942008888357,5764.65012366375,12.3,East Asia & Pacific,Beijing,116.286,40.0495,Upper middle income,IBRD
China,CN,CHN,2011,,2026-07-13,7.40185065816131,8.96393476749676,6275.71634288814,11.3,East Asia & Pacific,Beijing,116.286,40.0495,Upper middle income,IBRD
China,CN,CHN,2012,,2026-07-13,7.58441651466929,9.17121452676508,6723.09003744607,11.5,East Asia & Pacific,Beijing,116.286,40.0495,Upper middle income,IBRD
China,CN,CHN,2013,,2026-07-13,7.89327631231478,9.49840673689152,7197.937319496,11.5,East Asia & Pacific,Beijing,116.286,40.0495,Upper middle income,IBRD
China,CN,CHN,2014,,2026-07-13,7.93164331637339,9.54557855757876,7686.37369520403,11.9,East Asia & Pacific,Beijing,116.286,40.0495,Upper middle income,IBRD
China,CN,CHN,2015,,2026-07-13,7.79057049265868,9.37127070862261,8175.33285077393,12.2,East Asia & Pacific,Beijing,116.286,40.0495,Upper middle income,IBRD
China,CN,CHN,2016,,2026-07-13,7.76322483949301,9.3047845855641,8679.22528805041,12.6,East Asia & Pacific,Beijing,116.286,40.0495,Upper middle income,IBRD
China,CN,CHN,2017,,2026-07-13,7.87802652170332,9.42590754289275,9221.35045639842,13.1,East Asia & Pacific,Beijing,116.286,40.0495,Upper middle income,IBRD
China,CN,CHN,2018,,2026-07-13,8.2177362485386,9.7956385269041,9798.57890566402,13.5,East Asia & Pacific,Beijing,116.286,40.0495,Upper middle income,IBRD
China,CN,CHN,2019,,2026-07-13,8.39147587098516,9.98253391061591,10356.2924890582,14.3,East Asia & Pacific,Beijing,116.286,40.0495,Upper middle income,IBRD
China,CN,CHN,2020,,2026-07-13,8.47858302033874,10.0844940826306,10573.3794064211,14.9,East Asia & Pacific,Beijing,116.286,40.0495,Upper middle income,IBRD
China,CN,CHN,2021,,2026-07-13,8.88715660313235,10.5259945056501,11469.3174514512,15.2,East Asia & Pacific,Beijing,116.286,40.0495,Upper middle income,IBRD
China,CN,CHN,2022,,2026-07-13,8.86482511020235,10.5209347991573,11830.298767861,NA,East Asia & Pacific,Beijing,116.286,40.0495,Upper middle income,IBRD
China,CN,CHN,2023,,2026-07-13,9.23027553501428,10.9248416754684,12483.9791101249,NA,East Asia & Pacific,Beijing,116.286,40.0495,Upper middle income,IBRD
China,CN,CHN,2024,,2026-07-13,9.31508933799393,11.0265417768236,13119.1076099516,NA,East Asia & Pacific,Beijing,116.286,40.0495,Upper middle income,IBRD
Germany,DE,DEU,1990,,2026-07-13,12.7491248004656,15.55565632528,29763.3124657124,2.1,Europe & Central Asia,Berlin,13.4115,52.5235,High income,Not classified
Germany,DE,DEU,1991,,2026-07-13,12.394338353428,15.124456631883,31056.5938822126,2,Europe & Central Asia,Berlin,13.4115,52.5235,High income,Not classified
Germany,DE,DEU,1992,,2026-07-13,11.6315990809653,14.2213819162236,31441.9743477578,2.1,Europe & Central Asia,Berlin,13.4115,52.5235,High income,Not classified
Germany,DE,DEU,1993,,2026-07-13,11.4510713103297,13.9596090573946,30932.0193060317,2.1,Europe & Central Asia,Berlin,13.4115,52.5235,High income,Not classified
Germany,DE,DEU,1994,,2026-07-13,11.2385555758081,13.7377565664765,31625.3939679554,2.3,Europe & Central Asia,Berlin,13.4115,52.5235,High income,Not classified
Germany,DE,DEU,1995,,2026-07-13,11.1470987474958,13.5959084038379,32007.145402934,2.3,Europe & Central Asia,Berlin,13.4115,52.5235,High income,Not classified
Germany,DE,DEU,1996,,2026-07-13,11.4674545321347,13.8840474443511,32245.8608379557,2.2,Europe & Central Asia,Berlin,13.4115,52.5235,High income,Not classified
Germany,DE,DEU,1997,,2026-07-13,11.0621677727363,13.3989073974498,32795.7833455165,2.8,Europe & Central Asia,Berlin,13.4115,52.5235,High income,Not classified
Germany,DE,DEU,1998,,2026-07-13,11.0498012759607,13.1521766222477,33477.9856458764,3,Europe & Central Asia,Berlin,13.4115,52.5235,High income,Not classified
Germany,DE,DEU,1999,,2026-07-13,10.604888221829,12.6351428704054,34168.8308210083,3.3,Europe & Central Asia,Berlin,13.4115,52.5235,High income,Not classified
Germany,DE,DEU,2000,,2026-07-13,10.5993032021746,12.5666713229491,35104.1308467844,3.7,Europe & Central Asia,Berlin,13.4115,52.5235,High income,Not classified
Germany,DE,DEU,2001,,2026-07-13,10.7525841705381,12.6490995589856,35618.5143698493,3.9,Europe & Central Asia,Berlin,13.4115,52.5235,High income,Not classified
Germany,DE,DEU,2002,,2026-07-13,10.546202837135,12.3889531503757,35477.5151544301,4.4,Europe & Central Asia,Berlin,13.4115,52.5235,High income,Not classified
Germany,DE,DEU,2003,,2026-07-13,10.6369632865784,12.4115324056788,35270.0227284267,5.4,Europe & Central Asia,Berlin,13.4115,52.5235,High income,Not classified
Germany,DE,DEU,2004,,2026-07-13,10.4632650583049,12.2055931764237,35687.6378708542,6.3,Europe & Central Asia,Berlin,13.4115,52.5235,High income,Not classified
Germany,DE,DEU,2005,,2026-07-13,10.2067903422435,11.8930953584227,36024.094704702104,7.3,Europe & Central Asia,Berlin,13.4115,52.5235,High income,Not classified
Germany,DE,DEU,2006,,2026-07-13,10.3846207212787,11.9871260295008,37459.261328042,8.6,Europe & Central Asia,Berlin,13.4115,52.5235,High income,Not classified
Germany,DE,DEU,2007,,2026-07-13,10.0478127320359,11.661847686683,38593.0749910508,10.5,Europe & Central Asia,Berlin,13.4115,52.5235,High income,Not classified
Germany,DE,DEU,2008,,2026-07-13,10.1072965484379,11.6710128840793,39009.8477636357,10.2,Europe & Central Asia,Berlin,13.4115,52.5235,High income,Not classified
Germany,DE,DEU,2009,,2026-07-13,9.37864424258525,10.9025048586238,36940.4078672661,10.7,Europe & Central Asia,Berlin,13.4115,52.5235,High income,Not classified
Germany,DE,DEU,2010,,2026-07-13,9.96567124737992,11.4862003256909,38526.7371042695,11.6,Europe & Central Asia,Berlin,13.4115,52.5235,High income,Not classified
Germany,DE,DEU,2011,,2026-07-13,9.81776726131477,11.3427977929313,40722.4849268242,12.5,Europe & Central Asia,Berlin,13.4115,52.5235,High income,Not classified
Germany,DE,DEU,2012,,2026-07-13,9.94745307113612,11.4569595389779,40834.5088218456,13.6,Europe & Central Asia,Berlin,13.4115,52.5235,High income,Not classified
Germany,DE,DEU,2013,,2026-07-13,10.1408601249876,11.6377972488395,40884.8926759028,13.6,Europe & Central Asia,Berlin,13.4115,52.5235,High income,Not classified
Germany,DE,DEU,2014,,2026-07-13,9.61630846170469,11.1039199827123,41602.4661281668,14,Europe & Central Asia,Berlin,13.4115,52.5235,High income,Not classified
Germany,DE,DEU,2015,,2026-07-13,9.60884887243027,11.0696757881166,41929.7549110722,14.6,Europe & Central Asia,Berlin,13.4115,52.5235,High income,Not classified
Germany,DE,DEU,2016,,2026-07-13,9.58423383867929,11.0131834674826,42516.9337063103,14.2,Europe & Central Asia,Berlin,13.4115,52.5235,High income,Not classified
Germany,DE,DEU,2017,,2026-07-13,9.36976518940283,10.7729106845661,43543.4807050551,15.2,Europe & Central Asia,Berlin,13.4115,52.5235,High income,Not classified
Germany,DE,DEU,2018,,2026-07-13,9.00657809367265,10.3648488593956,43905.8550061973,16,Europe & Central Asia,Berlin,13.4115,52.5235,High income,Not classified
Germany,DE,DEU,2019,,2026-07-13,8.38218043063623,9.70050026619583,44235.2658954682,17.1,Europe & Central Asia,Berlin,13.4115,52.5235,High income,Not classified
Germany,DE,DEU,2020,,2026-07-13,7.72103264767393,8.98291216791128,42372.8726784255,18.5,Europe & Central Asia,Berlin,13.4115,52.5235,High income,Not classified
Germany,DE,DEU,2021,,2026-07-13,8.06128144646434,9.29958020376874,44011.0194631674,17.6,Europe & Central Asia,Berlin,13.4115,52.5235,High income,Not classified
Germany,DE,DEU,2022,,2026-07-13,7.91182860265874,9.11766218234182,44817.1316331389,NA,Europe & Central Asia,Berlin,13.4115,52.5235,High income,Not classified
Germany,DE,DEU,2023,,2026-07-13,7.07982839106762,8.23245107328703,44368.9920074881,NA,Europe & Central Asia,Berlin,13.4115,52.5235,High income,Not classified
Germany,DE,DEU,2024,,2026-07-13,6.94395663386317,8.0745427438593,44027.7631554469,NA,Europe & Central Asia,Berlin,13.4115,52.5235,High income,Not classified
India,IN,IND,1990,,2026-07-13,0.694451434874462,1.56496655861969,537.870269536103,53,South Asia,New Delhi,77.225,28.6353,Lower middle income,IBRD
India,IN,IND,1991,,2026-07-13,0.731259551121608,1.5977197679991,531.898397833351,52,South Asia,New Delhi,77.225,28.6353,Lower middle income,IBRD
India,IN,IND,1992,,2026-07-13,0.741625955705735,1.60095861478774,549.235069964895,51.5,South Asia,New Delhi,77.225,28.6353,Lower middle income,IBRD
India,IN,IND,1993,,2026-07-13,0.758847464560969,1.60292541699421,563.372872336747,51.5,South Asia,New Delhi,77.225,28.6353,Lower middle income,IBRD
India,IN,IND,1994,,2026-07-13,0.790350655307367,1.62851009966685,588.727892180632,50.5,South Asia,New Delhi,77.225,28.6353,Lower middle income,IBRD
India,IN,IND,1995,,2026-07-13,0.829370336496271,1.66266371360938,620.699954336366,49.5,South Asia,New Delhi,77.225,28.6353,Lower middle income,IBRD
India,IN,IND,1996,,2026-07-13,0.850777408846526,1.67854604393067,654.355928434052,49.1,South Asia,New Delhi,77.225,28.6353,Lower middle income,IBRD
India,IN,IND,1997,,2026-07-13,0.878441939789039,1.70244452213797,667.598423093399,47.9,South Asia,New Delhi,77.225,28.6353,Lower middle income,IBRD
India,IN,IND,1998,,2026-07-13,0.884093818156602,1.69967826913238,695.293709337082,48,South Asia,New Delhi,77.225,28.6353,Lower middle income,IBRD
India,IN,IND,1999,,2026-07-13,0.926189927757172,1.73438885848248,742.53920839812,47.1,South Asia,New Delhi,77.225,28.6353,Lower middle income,IBRD
India,IN,IND,2000,,2026-07-13,0.942309744278839,1.73506026739289,756.704109533187,46.9,South Asia,New Delhi,77.225,28.6353,Lower middle income,IBRD
India,IN,IND,2001,,2026-07-13,0.939789720011458,1.72506833493123,778.507377522499,47.1,South Asia,New Delhi,77.225,28.6353,Lower middle income,IBRD
India,IN,IND,2002,,2026-07-13,0.957620477500199,1.72029696272518,793.615912901002,45.8,South Asia,New Delhi,77.225,28.6353,Lower middle income,IBRD
India,IN,IND,2003,,2026-07-13,0.969744882653011,1.73551252063876,841.278894562408,45.6,South Asia,New Delhi,77.225,28.6353,Lower middle income,IBRD
India,IN,IND,2004,,2026-07-13,1.02822643182898,1.79645840364654,892.596614580718,44.9,South Asia,New Delhi,77.225,28.6353,Lower middle income,IBRD
India,IN,IND,2005,,2026-07-13,1.05460489385527,1.82886143914537,947.732565644272,44.2,South Asia,New Delhi,77.225,28.6353,Lower middle income,IBRD
India,IN,IND,2006,,2026-07-13,1.10810989189174,1.88953541486283,1008.23275344818,43.2,South Asia,New Delhi,77.225,28.6353,Lower middle income,IBRD
India,IN,IND,2007,,2026-07-13,1.18862350046436,1.98148854800864,1069.24696812234,41.5,South Asia,New Delhi,77.225,28.6353,Lower middle income,IBRD
India,IN,IND,2008,,2026-07-13,1.25815998206335,2.05838725399211,1086.50605251005,39.4,South Asia,New Delhi,77.225,28.6353,Lower middle income,IBRD
India,IN,IND,2009,,2026-07-13,1.3228453330146701,2.11779843177105,1155.10163273817,37.4,South Asia,New Delhi,77.225,28.6353,Lower middle income,IBRD
India,IN,IND,2010,,2026-07-13,1.39129863287623,2.1895143272104,1235.15939132939,36.2,South Asia,New Delhi,77.225,28.6353,Lower middle income,IBRD
India,IN,IND,2011,,2026-07-13,1.46337391608571,2.26641733572931,1281.61054354937,35,South Asia,New Delhi,77.225,28.6353,Lower middle income,IBRD
India,IN,IND,2012,,2026-07-13,1.57607553513255,2.37550267503496,1333.09626557649,34.8,South Asia,New Delhi,77.225,28.6353,Lower middle income,IBRD
India,IN,IND,2013,,2026-07-13,1.59945855716817,2.37233291409428,1399.4537980281,34.9,South Asia,New Delhi,77.225,28.6353,Lower middle income,IBRD
India,IN,IND,2014,,2026-07-13,1.70517686000076,2.479900071661,1484.31640682961,33.9,South Asia,New Delhi,77.225,28.6353,Lower middle income,IBRD
India,IN,IND,2015,,2026-07-13,1.71550269097521,2.49276960250774,1583.99815907985,33.4,South Asia,New Delhi,77.225,28.6353,Lower middle income,IBRD
India,IN,IND,2016,,2026-07-13,1.7202923565219,2.49557843281326,1694.46534973787,33,South Asia,New Delhi,77.225,28.6353,Lower middle income,IBRD
India,IN,IND,2017,,2026-07-13,1.79545339877531,2.57086932340456,1788.69770318481,32.5,South Asia,New Delhi,77.225,28.6353,Lower middle income,IBRD
India,IN,IND,2018,,2026-07-13,1.85989309419052,2.64387221179375,1883.35772705055,32.9,South Asia,New Delhi,77.225,28.6353,Lower middle income,IBRD
India,IN,IND,2019,,2026-07-13,1.83688223212799,2.62146417435417,1936.03067741063,33.5,South Asia,New Delhi,77.225,28.6353,Lower middle income,IBRD
India,IN,IND,2020,,2026-07-13,1.68040016064392,2.46756476289856,1806.50110583865,36.1,South Asia,New Delhi,77.225,28.6353,Lower middle income,IBRD
India,IN,IND,2021,,2026-07-13,1.83702951699406,2.63014633923763,1965.30943437472,34.9,South Asia,New Delhi,77.225,28.6353,Lower middle income,IBRD
India,IN,IND,2022,,2026-07-13,1.96929618962877,2.77919257007301,2098.21124476122,NA,South Asia,New Delhi,77.225,28.6353,Lower middle income,IBRD
India,IN,IND,2023,,2026-07-13,2.09622858892568,2.9249828462405,2229.71491223037,NA,South Asia,New Delhi,77.225,28.6353,Lower middle income,IBRD
India,IN,IND,2024,,2026-07-13,2.17365173535787,3.0126552305856,2366.8328910323,NA,South Asia,New Delhi,77.225,28.6353,Lower middle income,IBRD
United Kingdom,GB,GBR,1990,,2026-07-13,10.1769845806249,13.5923827425666,30071.2085616955,0.7,Europe & Central Asia,London,-0.126236,51.5002,High income,Not classified
United Kingdom,GB,GBR,1991,,2026-07-13,10.3045252305807,13.7288692045891,29590.9054053428,0.6,Europe & Central Asia,London,-0.126236,51.5002,High income,Not classified
United Kingdom,GB,GBR,1992,,2026-07-13,10.0457634873754,13.3846807807976,29893.0776793743,0.8,Europe & Central Asia,London,-0.126236,51.5002,High income,Not classified
United Kingdom,GB,GBR,1993,,2026-07-13,9.74378040332015,13.0015751937495,30862.4118121654,0.8,Europe & Central Asia,London,-0.126236,51.5002,High income,Not classified
United Kingdom,GB,GBR,1994,,2026-07-13,9.58907208401101,12.7433164474077,32308.7952722115,1,Europe & Central Asia,London,-0.126236,51.5002,High income,Not classified
United Kingdom,GB,GBR,1995,,2026-07-13,9.45102667176614,12.6635364293405,33362.0161272507,1.1,Europe & Central Asia,London,-0.126236,51.5002,High income,Not classified
United Kingdom,GB,GBR,1996,,2026-07-13,9.75853126216864,12.995455322997,34147.3459054033,0.9,Europe & Central Asia,London,-0.126236,51.5002,High income,Not classified
United Kingdom,GB,GBR,1997,,2026-07-13,9.37530790788559,12.6117235135429,35721.6105928791,1,Europe & Central Asia,London,-0.126236,51.5002,High income,Not classified
United Kingdom,GB,GBR,1998,,2026-07-13,9.35942825449444,12.4870456567538,36773.9287790406,1,Europe & Central Asia,London,-0.126236,51.5002,High income,Not classified
United Kingdom,GB,GBR,1999,,2026-07-13,9.27036024696031,12.2294656124369,37730.7155591161,0.9,Europe & Central Asia,London,-0.126236,51.5002,High income,Not classified
United Kingdom,GB,GBR,2000,,2026-07-13,9.37230154582975,12.1930454522624,39297.1366317267,1,Europe & Central Asia,London,-0.126236,51.5002,High income,Not classified
United Kingdom,GB,GBR,2001,,2026-07-13,9.52500193970965,12.251894559701,40082.1359356822,0.8,Europe & Central Asia,London,-0.126236,51.5002,High income,Not classified
United Kingdom,GB,GBR,2002,,2026-07-13,9.21604321231769,11.8883578486877,40594.932929345,1,Europe & Central Asia,London,-0.126236,51.5002,High income,Not classified
United Kingdom,GB,GBR,2003,,2026-07-13,9.40083618149317,11.9967555429787,41706.8303930126,0.9,Europe & Central Asia,London,-0.126236,51.5002,High income,Not classified
United Kingdom,GB,GBR,2004,,2026-07-13,9.35478076788979,11.8448810639411,42434.8209023638,1.1,Europe & Central Asia,London,-0.126236,51.5002,High income,Not classified
United Kingdom,GB,GBR,2005,,2026-07-13,9.2634507993102,11.6492458776403,43320.5628684438,1.4,Europe & Central Asia,London,-0.126236,51.5002,High income,Not classified
United Kingdom,GB,GBR,2006,,2026-07-13,9.20229684969568,11.480200608676,43944.9985799069,1.6,Europe & Central Asia,London,-0.126236,51.5002,High income,Not classified
United Kingdom,GB,GBR,2007,,2026-07-13,8.97579081257711,11.1774424324737,44882.141312304,1.8,Europe & Central Asia,London,-0.126236,51.5002,High income,Not classified
United Kingdom,GB,GBR,2008,,2026-07-13,8.63835719565399,10.7314277291753,44508.2874631479,2.4,Europe & Central Asia,London,-0.126236,51.5002,High income,Not classified
United Kingdom,GB,GBR,2009,,2026-07-13,7.76330695463938,9.7618322356172,42146.5095879962,3,Europe & Central Asia,London,-0.126236,51.5002,High income,Not classified
United Kingdom,GB,GBR,2010,,2026-07-13,7.97797355319206,9.92130259574535,42762.720840223,3.2,Europe & Central Asia,London,-0.126236,51.5002,High income,Not classified
United Kingdom,GB,GBR,2011,,2026-07-13,7.25917227971883,9.1473424808339,42791.0934313474,4,Europe & Central Asia,London,-0.126236,51.5002,High income,Not classified
United Kingdom,GB,GBR,2012,,2026-07-13,7.55583494216069,9.40829370124468,43136.7006795996,4.2,Europe & Central Asia,London,-0.126236,51.5002,High income,Not classified
United Kingdom,GB,GBR,2013,,2026-07-13,7.33137453615641,9.13309426549004,43585.8731772281,5.2,Europe & Central Asia,London,-0.126236,51.5002,High income,Not classified
United Kingdom,GB,GBR,2014,,2026-07-13,6.6645615066776,8.42954858478156,44628.5724578217,6.6,Europe & Central Asia,London,-0.126236,51.5002,High income,Not classified
United Kingdom,GB,GBR,2015,,2026-07-13,6.38967382119317,8.11065189669212,45256.040227057,7.7,Europe & Central Asia,London,-0.126236,51.5002,High income,Not classified
United Kingdom,GB,GBR,2016,,2026-07-13,5.9729506447581,7.65903271042283,45888.7099614563,7.7,Europe & Central Asia,London,-0.126236,51.5002,High income,Not classified
United Kingdom,GB,GBR,2017,,2026-07-13,5.77150870171609,7.44102843975502,47019.4510419999,8.8,Europe & Central Asia,London,-0.126236,51.5002,High income,Not classified
United Kingdom,GB,GBR,2018,,2026-07-13,5.64035331211248,7.27394511744384,47516.2099770322,10.2,Europe & Central Asia,London,-0.126236,51.5002,High income,Not classified
United Kingdom,GB,GBR,2019,,2026-07-13,5.38832172660143,6.97468031458246,47866.9140354078,11.4,Europe & Central Asia,London,-0.126236,51.5002,High income,Not classified
United Kingdom,GB,GBR,2020,,2026-07-13,4.79017680551393,6.31616871441414,42985.0392148248,13.6,Europe & Central Asia,London,-0.126236,51.5002,High income,Not classified
United Kingdom,GB,GBR,2021,,2026-07-13,5.04516109767386,6.53751082444982,46491.5068836685,12.2,Europe & Central Asia,London,-0.126236,51.5002,High income,Not classified
United Kingdom,GB,GBR,2022,,2026-07-13,4.80505795730085,6.2594949435212,48410.095170282,NA,Europe & Central Asia,London,-0.126236,51.5002,High income,Not classified
United Kingdom,GB,GBR,2023,,2026-07-13,4.4477512185156,5.84609491287978,47911.1540134832,NA,Europe & Central Asia,London,-0.126236,51.5002,High income,Not classified
United Kingdom,GB,GBR,2024,,2026-07-13,4.22077337220883,5.58155482744187,47900.9680144146,NA,Europe & Central Asia,London,-0.126236,51.5002,High income,Not classified
United States,US,USA,1990,,2026-07-13,19.9645212981176,24.9028595121443,39200.0658091762,4.2,North America,Washington D.C.,-77.032,38.8895,High income,Not classified
United States,US,USA,1991,,2026-07-13,19.5233266529898,24.3552543471644,38637.8398179104,4.5,North America,Washington D.C.,-77.032,38.8895,High income,Not classified
United States,US,USA,1992,,2026-07-13,19.5583395058359,24.3988456770391,39447.9472850606,4.8,North America,Washington D.C.,-77.032,38.8895,High income,Not classified
United States,US,USA,1993,,2026-07-13,19.7583747244334,24.5474817154575,40002.4762253198,4.3,North America,Washington D.C.,-77.032,38.8895,High income,Not classified
United States,US,USA,1994,,2026-07-13,19.830406345249,24.6683649658339,41106.9881833481,4.1,North America,Washington D.C.,-77.032,38.8895,High income,Not classified
United States,US,USA,1995,,2026-07-13,19.7968469043631,24.6310142032012,41710.8207256668,4.7,North America,Washington D.C.,-77.032,38.8895,High income,Not classified
United States,US,USA,1996,,2026-07-13,20.1432633985909,24.974856529841,42783.8165724095,4.8,North America,Washington D.C.,-77.032,38.8895,High income,Not classified
United States,US,USA,1997,,2026-07-13,20.9036173654078,25.7116164264992,44151.6860410035,4.5,North America,Washington D.C.,-77.032,38.8895,High income,Not classified
United States,US,USA,1998,,2026-07-13,20.8257864667542,25.5755602601376,45596.4306879224,4.5,North America,Washington D.C.,-77.032,38.8895,High income,Not classified
United States,US,USA,1999,,2026-07-13,20.6489080418578,25.3016399082569,47234.2455290381,5.7,North America,Washington D.C.,-77.032,38.8895,High income,Not classified
United States,US,USA,2000,,2026-07-13,21.0118753202743,25.5874780570967,48616.2546282435,5.4,North America,Washington D.C.,-77.032,38.8895,High income,Not classified
United States,US,USA,2001,,2026-07-13,20.6255077855762,25.117798533528,48597.4246124122,4.7,North America,Washington D.C.,-77.032,38.8895,High income,Not classified
United States,US,USA,2002,,2026-07-13,19.9103793387111,24.3108002017056,48967.3661217576,4.8,North America,Washington D.C.,-77.032,38.8895,High income,Not classified
United States,US,USA,2003,,2026-07-13,19.9681657791826,24.3310950755697,49905.5233080788,5.3,North America,Washington D.C.,-77.032,38.8895,High income,Not classified
United States,US,USA,2004,,2026-07-13,20.0815597947275,24.4455914865311,51348.3473386025,5.5,North America,Washington D.C.,-77.032,38.8895,High income,Not classified
United States,US,USA,2005,,2026-07-13,19.9249914215479,24.2309197663716,52649.5713060461,5.8,North America,Washington D.C.,-77.032,38.8895,High income,Not classified
United States,US,USA,2006,,2026-07-13,19.4048177077015,23.5984673123705,53596.315236412,6.4,North America,Washington D.C.,-77.032,38.8895,High income,Not classified
United States,US,USA,2007,,2026-07-13,19.4956606869752,23.6668101920795,54152.8292673551,6.3,North America,Washington D.C.,-77.032,38.8895,High income,Not classified
United States,US,USA,2008,,2026-07-13,18.7089026291301,22.8275838265071,53703.962897927,6.8,North America,Washington D.C.,-77.032,38.8895,High income,Not classified
United States,US,USA,2009,,2026-07-13,17.1890632001903,21.1483152336474,51863.6183416558,7.3,North America,Washington D.C.,-77.032,38.8895,High income,Not classified
United States,US,USA,2010,,2026-07-13,17.847084306938,21.8314858983273,52812.6829869279,7.4,North America,Washington D.C.,-77.032,38.8895,High income,Not classified
United States,US,USA,2011,,2026-07-13,17.0203888981196,20.9943603000263,53215.5362314388,8.4,North America,Washington D.C.,-77.032,38.8895,High income,Not classified
United States,US,USA,2012,,2026-07-13,16.1854221004814,20.0792504657526,54000.8410778217,8.5,North America,Washington D.C.,-77.032,38.8895,High income,Not classified
United States,US,USA,2013,,2026-07-13,16.495975221911,20.360282889312,54728.860179812,8.9,North America,Washington D.C.,-77.032,38.8895,High income,Not classified
United States,US,USA,2014,,2026-07-13,16.4248953102317,20.3236433931275,55665.2411187802,9,North America,Washington D.C.,-77.032,38.8895,High income,Not classified
United States,US,USA,2015,,2026-07-13,15.9501022949136,19.7753408237147,56849.4697923159,8.9,North America,Washington D.C.,-77.032,38.8895,High income,Not classified
United States,US,USA,2016,,2026-07-13,15.5045482189269,19.2313049713007,57430.8499298804,9.3,North America,Washington D.C.,-77.032,38.8895,High income,Not classified
United States,US,USA,2017,,2026-07-13,15.1847127213968,18.9328888755654,58435.9707535619,9.7,North America,Washington D.C.,-77.032,38.8895,High income,Not classified
United States,US,USA,2018,,2026-07-13,15.5796456645972,19.3907886716696,59817.6556798612,9.9,North America,Washington D.C.,-77.032,38.8895,High income,Not classified
United States,US,USA,2019,,2026-07-13,15.0439662080505,18.9210982930196,61047.9648238812,10.2,North America,Washington D.C.,-77.032,38.8895,High income,Not classified
United States,US,USA,2020,,2026-07-13,13.4715665664099,17.202328293668,59533.609024416,11,North America,Washington D.C.,-77.032,38.8895,High income,Not classified
United States,US,USA,2021,,2026-07-13,14.3160979329351,18.0683640489358,63096.7856149746,10.9,North America,Washington D.C.,-77.032,38.8895,High income,Not classified
United States,US,USA,2022,,2026-07-13,14.4186221294233,18.1865371779683,64322.2332819139,NA,North America,Washington D.C.,-77.032,38.8895,High income,Not classified
United States,US,USA,2023,,2026-07-13,13.7140258849034,17.4933868549654,65667.281580468,NA,North America,Washington D.C.,-77.032,38.8895,High income,Not classified
United States,US,USA,2024,,2026-07-13,13.6238622652793,17.3898578550286,66856.5131698371,NA,North America,Washington D.C.,-77.032,38.8895,High income,Not classified
World,1W,WLD,1990,,2026-07-13,4.14864530625977,5.95931143815359,6804.1256624154,16.6761728451138,Aggregates,,,,Aggregates,Aggregates
World,1W,WLD,1991,,2026-07-13,4.10336835574622,5.8722835533432,6773.41556784101,16.8275092292776,Aggregates,,,,Aggregates,Aggregates
World,1W,WLD,1992,,2026-07-13,4.01464678695785,5.76233456071441,6801.30548790075,17.1858871999502,Aggregates,,,,Aggregates,Aggregates
World,1W,WLD,1993,,2026-07-13,3.96883943055172,5.68642521644402,6818.5696934514,17.2074395489013,Aggregates,,,,Aggregates,Aggregates
World,1W,WLD,1994,,2026-07-13,3.94371436238925,5.65762980951175,6944.09107891381,17.3572712155107,Aggregates,,,,Aggregates,Aggregates
World,1W,WLD,1995,,2026-07-13,3.99047855901344,5.71016662750121,7057.77278518959,17.4243468135946,Aggregates,,,,Aggregates,Aggregates
World,1W,WLD,1996,,2026-07-13,4.00563560197066,5.7289496873855,7202.73987066597,17.4450890685685,Aggregates,,,,Aggregates,Aggregates
World,1W,WLD,1997,,2026-07-13,4.01588631154858,5.7057550280375,7381.77119872805,17.4743432804444,Aggregates,,,,Aggregates,Aggregates
World,1W,WLD,1998,,2026-07-13,3.97896580717156,5.63550971766037,7478.78410824619,17.6182879337665,Aggregates,,,,Aggregates,Aggregates
World,1W,WLD,1999,,2026-07-13,3.94821335546165,5.58954128661276,7638.92854068848,17.8778259194218,Aggregates,,,,Aggregates,Aggregates
World,1W,WLD,2000,,2026-07-13,4.00964562801179,5.64759864864864,7879.61788990331,17.5262813966932,Aggregates,,,,Aggregates,Aggregates
World,1W,WLD,2001,,2026-07-13,4.00921332233941,5.6249762183969,7932.44247045676,17.2141012541802,Aggregates,,,,Aggregates,Aggregates
World,1W,WLD,2002,,2026-07-13,4.01496434662952,5.60859810929661,8010.64724039979,17.2206557859887,Aggregates,,,,Aggregates,Aggregates
World,1W,WLD,2003,,2026-07-13,4.15309172030084,5.7703200836763,8151.0370050525,17.067470633117,Aggregates,,,,Aggregates,Aggregates
World,1W,WLD,2004,,2026-07-13,4.28326805758595,5.92171052794738,8408.56458732623,16.7834791518651,Aggregates,,,,Aggregates,Aggregates
World,1W,WLD,2005,,2026-07-13,4.38846326687297,6.03942841736606,8639.35934743695,16.6370993331808,Aggregates,,,,Aggregates,Aggregates
World,1W,WLD,2006,,2026-07-13,4.47802062614128,6.1314507405946,8913.15666856363,16.7290772224366,Aggregates,,,,Aggregates,Aggregates
World,1W,WLD,2007,,2026-07-13,4.58831889715123,6.23537330045371,9191.47419679425,16.5374660334277,Aggregates,,,,Aggregates,Aggregates
World,1W,WLD,2008,,2026-07-13,4.56160067411296,6.20118696796921,9265.52655477352,16.6569817886533,Aggregates,,,,Aggregates,Aggregates
World,1W,WLD,2009,,2026-07-13,4.45009852599458,6.06946164680172,9028.22055162901,17.0654993607187,Aggregates,,,,Aggregates,Aggregates
World,1W,WLD,2010,,2026-07-13,4.67132107098143,6.30711464425267,9322.21791578106,16.7414815095897,Aggregates,,,,Aggregates,Aggregates
World,1W,WLD,2011,,2026-07-13,4.76260892077127,6.42229789126124,9514.51951048996,16.6987205578704,Aggregates,,,,Aggregates,Aggregates
World,1W,WLD,2012,,2026-07-13,4.77415805922717,6.43731388334249,9653.62748273357,16.8962150785112,Aggregates,,,,Aggregates,Aggregates
World,1W,WLD,2013,,2026-07-13,4.80936209737091,6.46263889631408,9811.02619687608,17.1692464159295,Aggregates,,,,Aggregates,Aggregates
World,1W,WLD,2014,,2026-07-13,4.77725129095571,6.42913279822754,10000.5832738734,17.3299951573821,Aggregates,,,,Aggregates,Aggregates
World,1W,WLD,2015,,2026-07-13,4.69833990155379,6.33138907982952,10191.9752512662,17.4035082673572,Aggregates,,,,Aggregates,Aggregates
World,1W,WLD,2016,,2026-07-13,4.65001262944222,6.2780544918226,10355.0449873521,17.6281084915531,Aggregates,,,,Aggregates,Aggregates
World,1W,WLD,2017,,2026-07-13,4.67223120041328,6.30717038064715,10591.5550846784,17.8541835016377,Aggregates,,,,Aggregates,Aggregates
World,1W,WLD,2018,,2026-07-13,4.73494565527389,6.37843579131788,10822.5745320636,18.1052270747944,Aggregates,,,,Aggregates,Aggregates
World,1W,WLD,2019,,2026-07-13,4.70120784176447,6.34837298177884,10996.909518407,18.5751641385934,Aggregates,,,,Aggregates,Aggregates
World,1W,WLD,2020,,2026-07-13,4.47451332276585,6.09766725097245,10575.2194883029,19.7355641050053,Aggregates,,,,Aggregates,Aggregates
World,1W,WLD,2021,,2026-07-13,4.68476409230163,6.32172690101675,11167.6044923385,NA,Aggregates,,,,Aggregates,Aggregates
World,1W,WLD,2022,,2026-07-13,4.66789826409203,6.31953474063326,11452.0202124616,NA,Aggregates,,,,Aggregates,Aggregates
World,1W,WLD,2023,,2026-07-13,4.67759995985565,6.34217273441993,11670.8224680822,NA,Aggregates,,,,Aggregates,Aggregates
World,1W,WLD,2024,,2026-07-13,4.69378456136626,6.36040924565167,11894.2521505051,NA,Aggregates,,,,Aggregates,Aggregates
